Product Name,Category,Sub-Category,total_sales,total_profit,total_quantity,avg_discount,total_orders,profit_margin
Cubify CubeX 3D Printer Double Head Print,Technology,Machines,11099.963,-8879.970400000002,9,0.5333333333333333,3,-0.8000000000000002
Lexmark MX611dhe Monochrome Laser Printer,Technology,Machines,16829.900999999998,-4589.973000000004,18,0.4,4,-0.272727272727273
Cubify CubeX 3D Printer Triple Head Print,Technology,Machines,7999.98,-3839.990399999999,4,0.5,1,-0.4799999999999999
Chromcraft Bull-Nose Wood Oval Conference Tables & Bases,Furniture,Tables,9917.640000000001,-2876.1156000000005,27,0.28,5,-0.29000000000000004
Bush Advantage Collection Racetrack Conference Table,Furniture,Tables,9544.725,-1934.3976,33,0.35000000000000003,7,-0.20266666666666666
GBC DocuBind P400 Electric Binding System,Office Supplies,Binders,17965.068,-1878.166200000003,27,0.45,6,-0.10454545454545472
Cisco TelePresence System EX90 Videoconferencing Unit,Technology,Machines,22638.48,-1811.078400000002,6,0.5,1,-0.08000000000000008
Martin Yale Chadless Opener Electric Letter Opener,Office Supplies,Supplies,16656.199999999997,-1299.1835999999998,22,0.10000000000000002,6,-0.078
Balt Solid Wood Round Tables,Furniture,Tables,6518.754,-1201.0581,19,0.2,4,-0.18424657534246575
BoxOffice By Design Rectangular and Half-Moon Meeting Room Tables,Furniture,Tables,1706.25,-1148.4375,15,0.48333333333333334,3,-0.6730769230769231
"Riverside Furniture Oval Coffee Table, Oval End Table, End Table with Drawer",Furniture,Tables,4446.175,-1147.4000000000003,25,0.3,5,-0.2580645161290323
Epson TM-T88V Direct Thermal Printer - Monochrome - Desktop,Technology,Machines,1212.7050000000002,-1057.23,10,0.55,2,-0.8717948717948717
Hon 2090 “Pillow Soft” Series Mid Back Swivel/Tilt Chairs,Furniture,Chairs,5282.424000000001,-989.0496000000009,24,0.21666666666666667,6,-0.18723404255319162
O'Sullivan 4-Shelf Bookcase in Odessa Pine,Furniture,Bookcases,2740.197,-975.0988000000001,37,0.4214285714285714,7,-0.3558498896247241
Bretford “Just In Time” Height-Adjustable Multi-Task Work Tables,Furniture,Tables,5634.9,-964.1940000000006,17,0.225,4,-0.17111111111111124
Zebra GK420t Direct Thermal/Thermal Transfer Printer,Technology,Machines,703.71,-938.28,6,0.7,1,-1.3333333333333333
3.6 Cubic Foot Counter Height Office Refrigerator,Office Supplies,Appliances,2946.2,-872.0751999999999,18,0.52,5,-0.296
"Bevis Oval Conference Table, Walnut",Furniture,Tables,6942.068,-856.014400000001,36,0.275,8,-0.12330827067669188
Tennsco Single-Tier Lockers,Office Supplies,Storage,9158.296,-825.7480000000002,28,0.07500000000000001,8,-0.09016393442622953
BPI Conference Tables,Furniture,Tables,2241.8675000000003,-795.9725000000003,26,0.37,5,-0.3550488599348535
StarTech.com 10/100 VDSL2 Ethernet Extender Kit,Technology,Machines,2330.65,-785.762,13,0.425,4,-0.33714285714285713
O'Sullivan Plantations 2-Door Library in Landvery Oak,Furniture,Bookcases,2946.3668,-767.7435999999998,22,0.332,5,-0.26057298772169163
O'Sullivan Living Dimensions 5-Shelf Bookcases,Furniture,Bookcases,3420.7703999999994,-755.7516000000004,21,0.24,6,-0.22093023255813968
Hon 94000 Series Round Tables,Furniture,Tables,7404.5,-681.2139999999998,30,0.16,5,-0.09199999999999997
"Riverside Palais Royal Lawyers Bookcase, Royale Cherry Finish",Furniture,Bookcases,15610.965600000001,-669.5448000000002,24,0.23399999999999999,5,-0.04288939051918737
"SAFCO Commercial Wire Shelving, Black",Office Supplies,Storage,4199.456,-635.444,35,0.14,10,-0.1513157894736842
Bestar Classic Bookcase,Furniture,Bookcases,1897.8102,-612.9387,31,0.315,8,-0.3229715489989463
"Chromcraft Bull-Nose Wood 48"" x 96"" Rectangular Conference Tables",Furniture,Tables,4297.644,-611.5878000000002,11,0.3333333333333333,6,-0.14230769230769236
Hon Racetrack Conference Tables,Furniture,Tables,3963.901,-598.5228000000004,22,0.2833333333333334,6,-0.15099337748344382
Bevis Rectangular Conference Tables,Furniture,Tables,1007.262,-586.8395999999999,13,0.475,4,-0.5826086956521739
Bretford CR4500 Series Slim Rectangular Table,Furniture,Tables,7242.768,-532.7612999999999,29,0.2625,8,-0.0735576923076923
Tenex Antistatic Computer Chair Mats,Furniture,Furnishings,3317.0119999999997,-530.0380000000004,25,0.2333333333333333,6,-0.15979381443298982
"Tenex Chairmat w/ Average Lip, 45"" x 53""",Furniture,Furnishings,2058.496,-529.7600000000002,19,0.3,4,-0.2573529411764707
"Bevis Round Conference Table Top, X-Base",Furniture,Tables,2671.421,-519.9409999999998,20,0.26666666666666666,6,-0.19463087248322142
Lexmark MarkNet N8150 Wireless Print Server,Technology,Machines,723.51,-506.4569999999997,6,0.7,2,-0.6999999999999996
"Global Wood Trimmed Manager's Task Chair, Khaki",Furniture,Chairs,4166.884,-503.1194000000002,59,0.2285714285714286,14,-0.12074235807860267
"Office Star - Contemporary Task Swivel chair with Loop Arms, Charcoal",Furniture,Chairs,3680.538,-491.17500000000035,35,0.18888888888888888,9,-0.13345195729537376
KI Conference Tables,Furniture,Tables,2140.878,-479.2163999999998,44,0.325,8,-0.22384105960264888
"Global High-Back Leather Tilter, Burgundy",Furniture,Chairs,5436.158,-474.74140000000034,54,0.18571428571428572,14,-0.0873303167420815
SAFCO Boltless Steel Shelving,Office Supplies,Storage,4704.696,-470.46960000000024,46,0.1,10,-0.10000000000000005
"3D Systems Cube Printer, 2nd Generation, White",Technology,Machines,2339.982,-467.99639999999994,3,0.35,2,-0.19999999999999998
GBC ProClick 150 Presentation Binding System,Office Supplies,Binders,3222.996,-461.3307999999999,22,0.5,5,-0.14313725490196075
Global Enterprise Series Seating High-Back Swivel/Tilt Chairs,Furniture,Chairs,2032.3500000000001,-460.6660000000002,10,0.25,4,-0.22666666666666677
"Bevis Traditional Conference Table Top, Plinth Base",Furniture,Tables,2033.496,-456.70320000000004,9,0.3333333333333333,3,-0.22459016393442624
Chromcraft Rectangular Conference Tables,Furniture,Tables,4952.673000000001,-450.2430000000007,30,0.32222222222222224,9,-0.09090909090909104
Swingline SM12-08 MicroCut Jam Free Shredder,Technology,Machines,2359.9410000000003,-447.9888,13,0.5333333333333333,3,-0.18983050847457625
Bevis Boat-Shaped Conference Table,Furniture,Tables,2542.467,-445.5870000000002,15,0.31666666666666665,6,-0.17525773195876296
Novimex Swivel Fabric Task Chair,Furniture,Chairs,2913.9139999999998,-445.3910000000001,25,0.2,8,-0.15284974093264253
Okidata MB491 Multifunction Printer,Technology,Machines,2844.3,-434.12999999999977,9,0.44999999999999996,2,-0.15263157894736834
Premier Automatic Letter Opener,Office Supplies,Supplies,2836.366,-427.85859999999985,14,0.12000000000000002,5,-0.1508474576271186
"Sauder Forest Hills Library with Doors, Woodland Oak Finish",Furniture,Bookcases,1014.174,-418.548,10,0.2833333333333333,3,-0.41269841269841273
Riverside Furniture Stanwyck Manor Table Series,Furniture,Tables,917.9200000000001,-415.93250000000006,5,0.3666666666666667,3,-0.45312500000000006
GBC VeloBinder Electric Binding Machine,Office Supplies,Binders,496.018,-411.3319999999999,15,0.725,4,-0.8292682926829267
"Chromcraft 48"" x 96"" Racetrack Double Pedestal Table",Furniture,Tables,5098.1759999999995,-404.0064000000001,22,0.31666666666666665,6,-0.07924528301886795
Hon 2111 Invitation Series Corner Table,Furniture,Tables,3140.55,-401.99040000000025,18,0.2,4,-0.12800000000000009
"Iceberg OfficeWorks 42"" Round Tables",Furniture,Tables,3457.442,-392.54800000000023,30,0.19999999999999998,7,-0.1135371179039302
LG G2,Technology,Phones,1499.9699999999998,-374.99250000000006,5,0.4,1,-0.25000000000000006
Balt Split Level Computer Training Table,Furniture,Tables,1040.625,-357.97499999999997,12,0.38,5,-0.344
"Deflect-o RollaMat Studded, Beveled Mat for Medium Pile Carpeting",Furniture,Furnishings,1623.248,-343.0956000000001,26,0.26666666666666666,6,-0.21136363636363642
Jawbone MINI JAMBOX Wireless Bluetooth Speaker,Technology,Phones,2027.304,-339.71040000000016,18,0.16,5,-0.16756756756756763
Fellowes Officeware Wire Shelving,Office Supplies,Storage,4509.466,-332.37100000000015,55,0.07272727272727274,11,-0.07370517928286856
"Lesro Round Back Collection Coffee Table, End Table",Furniture,Tables,2847.78,-328.58999999999986,20,0.2875,8,-0.11538461538461532
Bretford Rectangular Conference Table Tops,Furniture,Tables,12995.2915,-327.2330999999991,46,0.24583333333333335,12,-0.02518089725036173
Euro Pro Shark Stick Mini Vacuum,Office Supplies,Appliances,170.74399999999997,-325.6332,11,0.6,3,-1.9071428571428575
"Brother MFC-9340CDW LED All-In-One Printer, Copier Scanner",Technology,Machines,341.99100000000004,-319.1916,3,0.7,1,-0.9333333333333332
Ibico Hi-Tech Manual Binding System,Office Supplies,Binders,5398.323,-304.9900000000006,34,0.4272727272727273,11,-0.05649717514124304
Hon Rectangular Conference Tables,Furniture,Tables,3481.515,-295.81500000000045,20,0.325,4,-0.08496732026143804
Sauder Barrister Bookcases,Furniture,Bookcases,754.7336,-294.7672,16,0.4066666666666667,3,-0.3905579399141631
Okidata C610n Printer,Technology,Machines,2011.9,-292.05000000000024,5,0.4,2,-0.14516129032258077
O'Sullivan Manor Hill 2-Door Library in Brianna Oak,Furniture,Bookcases,1646.918,-285.9483999999999,12,0.2475,4,-0.17362637362637356
"Eldon ""L"" Workstation Diamond Chairmat",Furniture,Furnishings,1002.9360000000001,-267.44960000000015,19,0.3,4,-0.2666666666666668
High Speed Automatic Electric Letter Opener,Office Supplies,Supplies,17030.311999999998,-262.00480000000084,11,0.06666666666666667,3,-0.015384615384615436
Eldon ClusterMat Chair Mat with Cordless Antistatic Protection,Furniture,Furnishings,1200.9360000000001,-256.56359999999995,18,0.15999999999999998,5,-0.21363636363636357
Xerox WorkCentre 6505DN Laser Multifunction Printer,Technology,Machines,2519.958,-251.99579999999992,7,0.4,1,-0.09999999999999996
Okidata B401 Printer,Technology,Machines,179.99100000000004,-251.98739999999992,3,0.7,1,-1.3999999999999992
KI Adjustable-Height Table,Furniture,Tables,4552.6410000000005,-248.48219999999995,74,0.2361111111111111,18,-0.05457979225684606
Global Low Back Tilter Chair,Furniture,Chairs,1746.9540000000002,-246.39120000000023,21,0.1875,8,-0.1410404624277458
Catalog Binders with Expanding Posts,Office Supplies,Binders,1089.9360000000001,-242.20800000000008,36,0.5125,8,-0.22222222222222227
Hon 5100 Series Wood Tables,Furniture,Tables,5965.09,-238.60360000000043,26,0.21428571428571427,7,-0.04000000000000007
Office Star Flex Back Scooter Chair with White Frame,Furniture,Chairs,1775.68,-228.6188,21,0.21428571428571427,7,-0.12875
"Tenex Carpeted, Granite-Look or Clear Contemporary Contour Shape Chair Mats",Furniture,Furnishings,763.6679999999999,-222.73650000000004,15,0.24,5,-0.29166666666666674
Safco Industrial Wire Shelving System,Office Supplies,Storage,2511.0480000000002,-218.352,30,0.1,8,-0.08695652173913043
Global Deluxe Steno Chair,Furniture,Chairs,1770.5400000000002,-216.31380000000013,29,0.21000000000000002,10,-0.12217391304347833
Balt Solid Wood Rectangular Table,Furniture,Tables,828.0965,-216.25450000000006,11,0.2625,4,-0.2611464968152867
LG Exalt,Technology,Phones,1154.326,-212.14640000000009,12,0.3333333333333333,3,-0.18378378378378385
"Bush Heritage Pine Collection 5-Shelf Bookcase, Albany Pine Finish, *Special Order",Furniture,Bookcases,3626.0056,-208.65039999999996,34,0.23374999999999999,8,-0.05754276827371694
Laminate Occasional Tables,Furniture,Tables,2096.168,-206.53420000000023,18,0.2333333333333333,3,-0.09852941176470599
"Premier Elliptical Ring Binder, Black",Office Supplies,Binders,526.6120000000001,-201.51280000000003,46,0.6444444444444444,9,-0.38265895953757223
High-Back Leather Manager's Chair,Furniture,Chairs,4770.633,-197.58480000000003,42,0.16666666666666666,9,-0.041416893732970035
"Bevis Round Bullnose 29"" High Table Top",Furniture,Tables,4544.924999999999,-192.18540000000002,24,0.26,5,-0.042285714285714295
Hon 4-Shelf Metal Bookcases,Furniture,Bookcases,1474.308,-191.86199999999985,22,0.25,4,-0.13013698630136977
"Bush Westfield Collection Bookcases, Dark Cherry Finish, Fully Assembled",Furniture,Bookcases,90.882,-190.85220000000004,3,0.7,1,-2.1000000000000005
Chromcraft Round Conference Tables,Furniture,Tables,8209.059,-189.9761,61,0.2576923076923077,13,-0.023142250530785564
"Belkin 19"" Vented Equipment Shelf, Black",Office Supplies,Storage,1400.2559999999999,-179.66519999999997,31,0.12000000000000002,10,-0.12830882352941175
"Hon 30"" x 60"" Table with Locking Drawer",Furniture,Tables,1296.028,-177.35120000000003,6,0.3333333333333333,3,-0.13684210526315793
Honeywell Enviracaire Portable Air Cleaner for up to 8 x 10 Room,Office Supplies,Appliances,299.20799999999997,-177.22320000000008,9,0.45,2,-0.5923076923076926
"Rubbermaid ClusterMat Chairmats, Mat Size- 66"" x 60"", Lip 20"" x 11"" -90 Degree Angle",Furniture,Furnishings,2064.228,-173.12879999999998,24,0.2,5,-0.08387096774193548
"Gould Plastics 18-Pocket Panel Bin, 34w x 5-1/4d x 20-1/2h",Office Supplies,Storage,2299.75,-172.94120000000015,28,0.12000000000000002,10,-0.07520000000000007
Epson Perfection V600 Photo Scanner,Technology,Machines,206.99100000000004,-172.4925,3,0.7,1,-0.8333333333333331
O'Sullivan Living Dimensions 3-Shelf Bookcases,Furniture,Bookcases,2904.161,-170.8330000000002,17,0.2,4,-0.058823529411764774
Office Impressions Heavy Duty Welded Shelving & Multimedia Storage Drawers,Office Supplies,Storage,3178.13,-167.27,20,0.04,5,-0.052631578947368425
"Global Geo Office Task Chair, Gray",Furniture,Chairs,1757.2660000000003,-166.0090000000002,25,0.17142857142857146,7,-0.09447004608294941
Cisco 8961 IP Phone Charcoal,Technology,Machines,224.93700000000004,-164.9538,3,0.7,1,-0.7333333333333332
Bevis 44 x 96 Conference Tables,Furniture,Tables,3253.2200000000003,-164.7200000000003,20,0.18,5,-0.05063291139240515
"Office Star - Contemporary Task Swivel chair with 2-way adjustable arms, Plum",Furniture,Chairs,694.194,-158.48579999999998,7,0.25,2,-0.2283018867924528
Global Deluxe High-Back Office Chair in Storm,Furniture,Chairs,1087.92,-149.5890000000001,10,0.20000000000000004,3,-0.1375000000000001
Hon 61000 Series Interactive Training Tables,Furniture,Tables,653.121,-148.39620000000005,22,0.3111111111111111,9,-0.2272108843537416
"Bush Andora Conference Table, Maple/Graphite Gray Finish",Furniture,Tables,1436.232,-143.62319999999997,12,0.3,4,-0.09999999999999998
Novimex High-Tech Fabric Mesh Task Chair,Furniture,Chairs,922.7400000000001,-133.4424000000001,16,0.15000000000000002,4,-0.1446153846153847
O'Sullivan 2-Shelf Heavy-Duty Bookcases,Furniture,Bookcases,723.842,-133.10919999999984,21,0.18333333333333332,6,-0.18389261744966423
Novimex Fabric Task Chair,Furniture,Chairs,1890.3799999999999,-131.10700000000003,39,0.1888888888888889,9,-0.06935483870967744
Office Star - Mesh Screen back chair with Vinyl seat,Furniture,Chairs,2200.464,-130.98000000000008,20,0.14285714285714285,7,-0.05952380952380956
Tenex Chairmats For Use with Hard Floors,Furniture,Furnishings,467.712,-129.92000000000002,20,0.26666666666666666,6,-0.27777777777777785
Samsung Galaxy Note 2,Technology,Phones,4507.902,-128.7971999999994,14,0.30000000000000004,2,-0.02857142857142844
Safco Industrial Wire Shelving,Office Supplies,Storage,1363.058,-126.7068,16,0.16,5,-0.09295774647887324
"Atlantic Metals Mobile 4-Shelf Bookcases, Custom Colors",Furniture,Bookcases,5184.081,-126.44100000000057,27,0.26666666666666666,6,-0.024390243902439133
"Sauder Mission Library with Doors, Fruitwood Finish",Furniture,Bookcases,935.1971999999998,-125.74080000000008,10,0.26333333333333336,3,-0.13445378151260515
"Deflect-o EconoMat Studded, No Bevel Mat for Low Pile Carpeting",Furniture,Furnishings,1115.64,-125.19959999999995,33,0.17777777777777778,9,-0.11222222222222217
Carina Media Storage Towers in Natural & Black,Office Supplies,Storage,1073.248,-121.96000000000001,20,0.12000000000000002,5,-0.11363636363636363
Belkin F9S820V06 8 Outlet Surge,Office Supplies,Appliances,266.33599999999996,-120.17600000000007,17,0.4,4,-0.4512195121951223
Cisco IP Phone 7961G-GE VoIP phone,Technology,Phones,2252.4320000000002,-119.11899999999974,15,0.35000000000000003,4,-0.052884615384615266
"Bush Birmingham Collection Bookcase, Dark Cherry",Furniture,Bookcases,825.174,-117.88199999999998,9,0.3,1,-0.14285714285714282
Hon 2111 Invitation Series Straight Table,Furniture,Tables,2040.054,-115.30740000000009,18,0.2714285714285714,7,-0.056521739130434824
"Global Leather & Oak Executive Chair, Burgundy",Furniture,Chairs,1689.9679999999998,-114.67639999999992,13,0.18,5,-0.06785714285714281
Acco 6 Outlet Guardian Premium Plus Surge Suppressor,Office Supplies,Appliances,289.456,-113.76720000000003,31,0.4000000000000001,6,-0.3930379746835444
"Atlantic Metals Mobile 2-Shelf Bookcases, Custom Colors",Furniture,Bookcases,400.0268,-113.26060000000003,3,0.51,2,-0.283132530120482
Eldon Cleatmat Plus Chair Mats for High Pile Carpets,Furniture,Furnishings,1304.128,-111.32800000000013,20,0.16,5,-0.08536585365853669
"Carina 42""Hx23 3/4""W Media Storage Unit",Office Supplies,Storage,1635.796,-110.13279999999989,22,0.1,8,-0.06732673267326726
Tennsco Industrial Shelving,Office Supplies,Storage,1281.442,-108.58019999999996,29,0.1111111111111111,9,-0.08473282442748088
"Barricks 18"" x 48"" Non-Folding Utility Table with Bottom Storage Shelf",Furniture,Tables,1088.6399999999999,-104.83200000000001,16,0.32,5,-0.09629629629629631
Safco Industrial Shelving,Office Supplies,Storage,827.12,-104.12849999999992,13,0.12000000000000002,5,-0.12589285714285703
Sauder Camden County Collection Library,Furniture,Bookcases,1368.262,-103.48200000000011,16,0.235,2,-0.07563025210084043
Acco D-Ring Binder w/DublLock,Office Supplies,Binders,235.17999999999998,-102.8378,31,0.6222222222222222,9,-0.4372727272727273
"Bush Westfield Collection Bookcases, Dark Cherry Finish",Furniture,Bookcases,649.376,-97.40640000000002,14,0.2333333333333333,3,-0.15000000000000002
Motorola HK250 Universal Bluetooth Headset,Technology,Phones,832.2379999999999,-91.50019999999995,41,0.13333333333333336,9,-0.10994475138121541
GBC Linen Binding Covers,Office Supplies,Binders,207.56600000000003,-82.40680000000003,18,0.5499999999999999,6,-0.39701492537313443
"Wilson Jones Elliptical Ring 3 1/2"" Capacity Binders, 800 sheets",Office Supplies,Binders,834.6,-82.17600000000004,42,0.5125,8,-0.09846153846153852
Sauder Cornerstone Collection Library,Furniture,Bookcases,322.192,-81.16760000000004,14,0.2333333333333333,3,-0.251923076923077
"Global Task Chair, Black",Furniture,Chairs,463.099,-80.40619999999998,12,0.24,5,-0.1736263736263736
O'Sullivan Living Dimensions 2-Shelf Bookcases,Furniture,Bookcases,2970.059,-78.637,28,0.11000000000000001,10,-0.026476578411405292
Eldon Executive Woodline II Cherry Finish Desk Accessories,Furniture,Furnishings,98.13600000000001,-78.5088,6,0.6,2,-0.7999999999999998
O'Sullivan Cherrywood Estates Traditional Barrister Bookcase,Furniture,Bookcases,1072.344,-78.36360000000002,9,0.15,2,-0.0730769230769231
"Sauder Camden County Collection Libraries, Planked Cherry Finish",Furniture,Bookcases,1909.8178,-78.18640000000018,19,0.1457142857142857,7,-0.040939193257074145
Sensible Storage WireTech Storage Systems,Office Supplies,Storage,2484.3,-78.07800000000032,38,0.07500000000000001,8,-0.031428571428571556
Fellowes Command Center 5-outlet power strip,Office Supplies,Appliances,664.8320000000001,-78.01600000000002,15,0.25,4,-0.11734693877551021
Space Solutions Commercial Steel Shelving,Office Supplies,Storage,1952.43,-74.34750000000021,33,0.028571428571428574,7,-0.0380794701986756
Hewlett-Packard Deskjet F4180 All-in-One Color Ink-jet - Printer / copier / scanner,Technology,Machines,101.994,-71.39579999999998,2,0.7,1,-0.6999999999999998
Rush Hierlooms Collection Rich Wood Bookcases,Furniture,Bookcases,489.37919999999997,-70.83119999999995,4,0.16,2,-0.14473684210526308
"Sauder Forest Hills Library, Woodland Oak Finish",Furniture,Bookcases,1875.034,-70.48999999999992,15,0.125,4,-0.03759398496240597
Avery Recycled Flexi-View Covers for Binding Systems,Office Supplies,Binders,197.169,-69.57020000000001,32,0.5285714285714286,7,-0.3528455284552846
"Carina Mini System Audio Rack, Model AR050B",Office Supplies,Storage,2730.108,-68.80759999999981,26,0.06666666666666667,6,-0.025203252032520253
GBC Plasticlear Binding Covers,Office Supplies,Binders,68.88000000000001,-68.42080000000001,23,0.7285714285714285,7,-0.9933333333333334
"O'Sullivan Elevations Bookcase, Cherry Finish",Furniture,Bookcases,1912.308,-68.10959999999994,18,0.2,5,-0.035616438356164355
"Office Impressions End Table, 20-1/2""H x 24""W x 20""D",Furniture,Tables,5801.816,-66.82719999999955,23,0.18,5,-0.011518324607329766
"Gould Plastics 9-Pocket Panel Bin, 18-3/8w x 5-1/4d x 20-1/2h, Black",Office Supplies,Storage,953.82,-63.588000000000044,20,0.10000000000000002,6,-0.06666666666666671
i.Sound Portable Power - 8000 mAh,Technology,Phones,413.322,-58.818900000000035,9,0.12000000000000002,5,-0.14230769230769238
V7 USB Numeric Keypad,Technology,Accessories,461.86800000000005,-58.78320000000001,16,0.15000000000000002,4,-0.1272727272727273
"Contico 72""H Heavy-Duty Storage System",Office Supplies,Storage,598.308,-57.372,16,0.08,5,-0.0958904109589041
Compact Automatic Electric Letter Opener,Office Supplies,Supplies,2982.75,-57.268799999999956,26,0.05,8,-0.019199999999999984
Bush Somerset Collection Bookcase,Furniture,Bookcases,1263.9569999999999,-56.321399999999954,12,0.2125,4,-0.044559585492227945
Fellowes Econo/Stor Drawers,Office Supplies,Storage,581.58,-56.219400000000036,7,0.1,2,-0.09666666666666672
OtterBox Commuter Series Case - Samsung Galaxy S4,Technology,Phones,384.846,-55.977599999999995,18,0.15000000000000002,4,-0.14545454545454545
Cisco CP-7937G Unified IP Conference Station Phone,Technology,Machines,1391.4,-55.65599999999994,4,0.5,2,-0.03999999999999995
"Eldon Base for stackable storage shelf, platinum",Office Supplies,Storage,872.256,-52.569000000000116,25,0.08571428571428573,7,-0.060267857142857276
iOttie XL Car Mount,Technology,Phones,223.88799999999998,-50.37480000000001,14,0.2,2,-0.22500000000000006
Clearsounds A400,Technology,Phones,488.32599999999996,-48.83259999999998,11,0.3333333333333333,3,-0.09999999999999996
Hon Deluxe Fabric Upholstered Stacking Chairs,Furniture,Chairs,2586.1879999999996,-48.795999999999744,15,0.275,4,-0.01886792452830179
Eldon Advantage Foldable Chair Mats for Low Pile Carpets,Furniture,Furnishings,379.40000000000003,-48.78000000000006,10,0.19999999999999998,3,-0.12857142857142873
Tennsco Commercial Shelving,Office Supplies,Storage,374.25600000000003,-48.612600000000036,21,0.1111111111111111,9,-0.12989130434782617
SanDisk Ultra 16 GB MicroSDHC Class 10 Memory Card,Technology,Accessories,329.946,-48.58260000000004,31,0.14285714285714285,7,-0.1472440944881891
"Belkin 19"" Center-Weighted Shelf, Gray",Office Supplies,Storage,849.3119999999999,-47.184000000000026,16,0.1,4,-0.055555555555555594
"Tenex Traditional Chairmats for Hard Floors, Average Lip, 36"" x 48""",Furniture,Furnishings,180.46,-46.403999999999996,4,0.3,2,-0.2571428571428571
"Iris 3-Drawer Stacking Bin, Black",Office Supplies,Storage,284.104,-43.4512,16,0.13333333333333333,3,-0.15294117647058825
Eldon Cleatmat Chair Mats for Medium Pile Carpets,Furniture,Furnishings,344.1,-42.179999999999964,8,0.3,4,-0.1225806451612902
Office Star - Ergonomically Designed Knee Chair,Furniture,Chairs,1311.8760000000002,-42.10959999999993,19,0.17142857142857143,7,-0.032098765432098705
"Tenex ""The Solids"" Textured Chair Mats",Furniture,Furnishings,1469.16,-40.57680000000012,26,0.19999999999999998,7,-0.0276190476190477
36X48 HARDFLOOR CHAIRMAT,Furniture,Furnishings,369.248,-40.49140000000002,21,0.2333333333333333,6,-0.10965909090909097
Insertable Tab Post Binder Dividers,Office Supplies,Binders,66.566,-39.69900000000002,25,0.575,8,-0.596385542168675
Bevis Round Conference Room Tables and Bases,Furniture,Tables,519.941,-39.44380000000006,4,0.25,2,-0.07586206896551735
Mediabridge Sport Armband iPhone 5s,Technology,Phones,257.742,-38.961000000000006,30,0.14285714285714285,7,-0.15116279069767444
Kensington 6 Outlet SmartSocket Surge Protector,Office Supplies,Appliances,147.528,-36.882000000000026,6,0.4,2,-0.25000000000000017
"Tennsco Stur-D-Stor Boltless Shelving, 5 Shelves, 24"" Deep, Sand",Office Supplies,Storage,4384.044,-36.53369999999961,33,0.028571428571428574,7,-0.008333333333333245
Hon Comfortask Task/Swivel Chairs,Furniture,Chairs,1686.904,-36.473600000000005,18,0.15,6,-0.021621621621621623
Rogers Deluxe File Chest,Office Supplies,Storage,443.996,-34.728400000000015,22,0.1,8,-0.07821782178217826
Novimex Turbo Task Chair,Furniture,Chairs,1341.5220000000002,-32.650800000000004,22,0.13333333333333333,6,-0.02433862433862434
"Memorex 25GB 6X Branded Blu-Ray Recordable Disc, 30/Pack",Technology,Accessories,472.86,-32.269500000000015,17,0.1,4,-0.06824324324324327
Anker Astro Mini 3000mAh Ultra-Compact Portable Charger,Technology,Phones,147.926,-31.983999999999998,9,0.2,4,-0.21621621621621623
Samsung Convoy 3,Technology,Phones,688.138,-31.077199999999948,9,0.2,2,-0.045161290322580566
Macally Suction Cup Mount,Technology,Phones,279.63,-31.07,26,0.15000000000000002,4,-0.11111111111111112
Fellowes Bankers Box Recycled Super Stor/Drawer,Office Supplies,Storage,1187.56,-30.22880000000005,24,0.08571428571428573,7,-0.025454545454545497
"GBC Standard Recycled Report Covers, Clear Plastic Sheets",Office Supplies,Binders,258.72,-27.165600000000026,51,0.4916666666666667,12,-0.1050000000000001
"Hon Metal Bookcases, Black",Furniture,Bookcases,1570.0776000000003,-26.972399999999922,30,0.244,5,-0.01717902350813738
"Tennsco Lockers, Gray",Office Supplies,Storage,402.81600000000003,-26.43480000000004,22,0.10000000000000002,6,-0.06562500000000009
"SAFCO Commercial Wire Shelving, 72h",Office Supplies,Storage,1445.2640000000001,-24.496,24,0.04,5,-0.016949152542372878
Anker Astro 15000mAh USB Portable Charger,Technology,Phones,599.88,-23.995200000000086,13,0.08,5,-0.04000000000000015
GBC VeloBinder Strips,Office Supplies,Binders,52.992,-23.807999999999993,20,0.55,4,-0.44927536231884047
Avery Durable Slant Ring Binders,Office Supplies,Binders,51.480000000000004,-23.759999999999994,19,0.6199999999999999,5,-0.4615384615384614
Panasonic KX MC6040 Color Laser Multifunction Printer,Technology,Machines,1619.82,-22.49750000000006,5,0.35,2,-0.013888888888888926
Stiletto Hand Letter Openers,Office Supplies,Supplies,136.32,-21.983999999999998,17,0.15000000000000002,4,-0.16126760563380282
Plantronics Single Ear Headset,Technology,Machines,29.925,-21.944999999999997,5,0.7,1,-0.7333333333333332
"Global Armless Task Chair, Royal Blue",Furniture,Chairs,1396.442,-20.73320000000002,28,0.175,8,-0.014847161572052417
Cyber Acoustics AC-202b Speech Recognition Stereo Headset,Technology,Phones,119.508,-20.5242,11,0.16,5,-0.17173913043478262
Texas Instrument TI-15 Fraction Calculator,Technology,Machines,41.90500000000001,-20.519000000000002,8,0.44999999999999996,2,-0.489655172413793
Space Solutions Industrial Galvanized Steel Shelving.,Office Supplies,Storage,520.0799999999999,-20.487999999999946,7,0.06666666666666667,3,-0.039393939393939294
3M Replacement Filter for Office Air Cleaner for 20' x 33' Room,Office Supplies,Appliances,303.36,-20.476799999999983,14,0.25,4,-0.06749999999999994
"Bush Westfield Collection Bookcases, Medium Cherry Finish",Furniture,Bookcases,1426.8878,-20.29299999999997,32,0.23000000000000004,9,-0.014221861032100751
Accohide Poly Flexible Ring Binders,Office Supplies,Binders,43.75800000000001,-19.821999999999996,34,0.5375,8,-0.45299145299145277
Wilson Jones Custom Binder Spines & Labels,Office Supplies,Binders,41.34400000000001,-19.6928,22,0.6285714285714284,7,-0.4763157894736841
Logitech Keyboard K120,Technology,Accessories,174.24,-19.601999999999986,12,0.20000000000000004,3,-0.11249999999999992
Large Capacity Hanging Post Binders,Office Supplies,Binders,276.945,-19.461000000000027,22,0.45999999999999996,5,-0.07027027027027037
GBC Wire Binding Strips,Office Supplies,Binders,212.65800000000002,-18.409199999999977,14,0.5,5,-0.08656716417910436
Speck Products Candyshell Flip Case,Technology,Phones,188.94600000000003,-18.19480000000001,8,0.30000000000000004,4,-0.09629629629629634
Fellowes Neat Ideas Storage Cubes,Office Supplies,Storage,480.70399999999995,-18.18880000000001,16,0.08571428571428573,7,-0.03783783783783787
Anderson Hickey Conga Table Tops & Accessories,Furniture,Tables,51.782,-17.514500000000005,5,0.30000000000000004,2,-0.3382352941176472
Tripp Lite Isotel 8 Ultra 8 Outlet Metal Surge,Office Supplies,Appliances,823.2520000000001,-17.03280000000002,16,0.3333333333333333,3,-0.020689655172413814
"Electrix Incandescent Magnifying Lamp, Black",Furniture,Furnishings,117.28,-16.492499999999993,5,0.4,2,-0.14062499999999994
Avery Reinforcements for Hole-Punch Pages,Office Supplies,Binders,28.512,-16.137,41,0.575,8,-0.5659722222222222
Avery Durable Poly Binders,Office Supplies,Binders,82.95,-15.5946,33,0.5333333333333333,6,-0.188
ARKON Windshield Dashboard Air Vent Car Mount Holder,Technology,Phones,216.95999999999998,-15.594000000000019,14,0.1,4,-0.07187500000000009
Dexim XPower Skin Super-Thin Power Case for iPhone 5 - Black,Technology,Phones,467.92,-14.622499999999981,11,0.20000000000000004,3,-0.03124999999999996
"Avery 3 1/2"" Diskette Storage Pages, 10/Pack",Office Supplies,Binders,137.808,-14.407199999999984,27,0.3833333333333333,6,-0.10454545454545443
"Acco Pressboard Covers with Storage Hooks, 14 7/8"" x 11"", Executive Red",Office Supplies,Binders,63.627,-13.906500000000007,37,0.5625,8,-0.2185628742514971
Motorola L804,Technology,Phones,607.068,-13.337100000000028,19,0.26666666666666666,6,-0.021969696969697017
XtraLife ClearVue Slant-D Ring Binders by Cardinal,Office Supplies,Binders,72.91199999999999,-13.327999999999996,22,0.5,5,-0.18279569892473116
GBC ProClick Spines for 32-Hole Punch,Office Supplies,Binders,66.40899999999999,-13.281800000000008,12,0.44000000000000006,5,-0.20000000000000015
Martin-Yale Premier Letter Opener,Office Supplies,Supplies,236.99200000000005,-12.880000000000003,20,0.08571428571428573,7,-0.05434782608695652
Fellowes Bankers Box Stor/Drawer Steel Plus,Office Supplies,Storage,1426.308,-12.792000000000016,50,0.10000000000000002,12,-0.008968609865470862
"Bush Saratoga Collection 5-Shelf Bookcase, Hanover Cherry, *Special Order",Furniture,Bookcases,119.83299999999998,-12.688200000000002,1,0.15,1,-0.1058823529411765
Cardinal Hold-It CD Pocket,Office Supplies,Binders,38.304,-12.4488,12,0.5,4,-0.325
GBC Instant Index System for Binding Systems,Office Supplies,Binders,71.92800000000001,-12.432,19,0.48,5,-0.1728395061728395
O'Sullivan 5-Shelf Heavy-Duty Bookcases,Furniture,Bookcases,540.804,-12.291000000000004,9,0.175,4,-0.022727272727272735
"Lesro Sheffield Collection Coffee Table, End Table, Center Table, Corner Table",Furniture,Tables,2298.114,-12.132900000000333,39,0.17777777777777778,9,-0.005279503105590207
Case Logic 2.4GHz Wireless Keyboard,Technology,Accessories,1229.7540000000001,-11.997600000000158,27,0.07500000000000001,8,-0.009756097560975738
iOttie HLCRIO102 Car Mount,Technology,Phones,215.892,-11.994000000000028,12,0.16,5,-0.055555555555555684
Gear Head AU3700S Headset,Technology,Phones,189.65400000000002,-11.950800000000013,16,0.06666666666666667,3,-0.06301369863013705
"Pressboard Covers with Storage Hooks, 9 1/2"" x 11"", Light Blue",Office Supplies,Binders,102.619,-11.882200000000006,44,0.45,12,-0.1157894736842106
GBC Personal VeloBind Strips,Office Supplies,Binders,156.93800000000002,-11.261200000000004,27,0.42857142857142855,7,-0.07175572519083971
Dana Swing-Arm Lamps,Furniture,Furnishings,108.936,-11.213999999999999,15,0.34285714285714286,7,-0.10294117647058822
Avaya 5410 Digital phone,Technology,Phones,625.508,-10.878400000000003,13,0.30000000000000004,4,-0.01739130434782609
Hoover Commercial Soft Guard Upright Vacuum And Disposable Filtration Bags,Office Supplies,Appliances,91.68599999999999,-10.4118,18,0.25,4,-0.1135593220338983
"Alliance Super-Size Bands, Assorted Sizes",Office Supplies,Fasteners,197.612,-10.347400000000002,27,0.05,4,-0.05236220472440946
Pressboard Hanging Data Binders for Unburst Sheets,Office Supplies,Binders,112.668,-10.135200000000015,48,0.43999999999999995,10,-0.08995633187772939
Shocksock Galaxy S4 Armband,Technology,Phones,63.51,-10.074000000000009,7,0.13333333333333333,3,-0.15862068965517256
"Safco Value Mate Series Steel Bookcases, Baked Enamel Finish on Steel, Gray",Furniture,Bookcases,858.8580000000001,-9.93719999999999,17,0.24500000000000002,6,-0.011570247933884285
Hoover Commercial Lightweight Upright Vacuum with E-Z Empty Dirt Cup,Office Supplies,Appliances,1023.3520000000001,-9.30320000000006,6,0.26666666666666666,3,-0.00909090909090915
"GBC Velobind Prepunched Cover Sets, Regency Series",Office Supplies,Binders,661.942,-9.245000000000005,33,0.41428571428571426,7,-0.01396648044692738
"Wilson Jones 1"" Hanging DublLock Ring Binders",Office Supplies,Binders,117.74400000000001,-8.553599999999996,46,0.5,10,-0.07264573991031385
"Sauder Facets Collection Library, Sky Alder Finish",Furniture,Bookcases,1427.683,-8.54900000000007,10,0.15,4,-0.005988023952095858
Acco Side-Punched Conventional Columnar Pads,Office Supplies,Supplies,41.64000000000001,-7.8075000000000045,15,0.2,4,-0.18750000000000008
Eldon Shelf Savers Cubes and Bins,Office Supplies,Storage,300.14,-7.678000000000013,45,0.05,8,-0.025581395348837254
"Eldon Expressions Desk Accessory, Wood Photo Frame, Mahogany",Furniture,Furnishings,262.752,-7.616000000000044,20,0.3,6,-0.02898550724637698
Safco Commercial Shelving,Office Supplies,Storage,483.704,-7.441600000000015,11,0.08,5,-0.015384615384615417
Acco Smartsocket Color-Coded Six-Outlet AC Adapter Model Surge Protectors,Office Supplies,Appliances,448.902,-7.0416000000000025,14,0.30000000000000004,4,-0.01568627450980393
Avery Hidden Tab Dividers for Binding Systems,Office Supplies,Binders,31.587999999999997,-7.032800000000002,24,0.6142857142857142,7,-0.22264150943396233
Akro Stacking Bins,Office Supplies,Storage,91.524,-6.943200000000013,13,0.10000000000000002,6,-0.07586206896551739
Plantronics MX500i Earset,Technology,Phones,618.4800000000001,-6.442500000000017,15,0.05714285714285715,7,-0.010416666666666692
Sterilite Show Offs Storage Containers,Office Supplies,Storage,78.144,-6.336,16,0.08,5,-0.08108108108108109
Tennsco Regal Shelving Units,Office Supplies,Storage,1764.534,-6.0846000000000515,18,0.05,4,-0.0034482758620689945
Telescoping Adjustable Floor Lamp,Furniture,Furnishings,143.928,-5.99700000000001,10,0.3,6,-0.041666666666666734
Acco Economy Flexible Poly Round Ring Binder,Office Supplies,Binders,11.484,-5.741999999999999,6,0.6,4,-0.49999999999999994
Revere Boxed Rubber Bands by Revere,Office Supplies,Fasteners,48.006,-5.707799999999999,29,0.10000000000000002,6,-0.11889763779527557
UniKeep View Case Binders,Office Supplies,Binders,28.850999999999996,-5.476800000000004,13,0.5,5,-0.18983050847457644
"Avery Triangle Shaped Sheet Lifters, Black, 2/Pack",Office Supplies,Binders,25.830000000000002,-4.92,25,0.6166666666666667,6,-0.19047619047619047
Acco Suede Grain Vinyl Round Ring Binder,Office Supplies,Binders,38.641999999999996,-4.8927999999999985,29,0.5375,8,-0.1266187050359712
"Rogers Jumbo File, Granite",Office Supplies,Storage,317.772,-4.888800000000007,24,0.028571428571428574,7,-0.015384615384615406
Eldon 100 Class Desk Accessories,Furniture,Furnishings,36.396,-4.852799999999999,18,0.3,4,-0.1333333333333333
Insertable Tab Indexes For Data Binders,Office Supplies,Binders,17.490000000000002,-4.833600000000003,13,0.6,5,-0.27636363636363653
Eureka Disposable Bags for Sanitaire Vibra Groomer I Upright Vac,Office Supplies,Appliances,1.6239999999999994,-4.466,2,0.8,1,-2.750000000000001
Fellowes Black Plastic Comb Bindings,Office Supplies,Binders,102.256,-4.415600000000001,34,0.4111111111111111,9,-0.043181818181818196
Serrated Blade or Curved Handle Hand Letter Openers,Office Supplies,Supplies,23.864000000000004,-4.1133999999999995,9,0.1,2,-0.17236842105263153
"Mead 1st Gear 2"" Zipper Binder, Asst. Colors",Office Supplies,Binders,54.474000000000004,-3.8909999999999982,9,0.5333333333333333,3,-0.0714285714285714
Sterling Rubber Bands by Alliance,Office Supplies,Fasteners,19.782,-3.768,5,0.1,2,-0.19047619047619047
Acco 6 Outlet Guardian Basic Surge Suppressor,Office Supplies,Appliances,38.272,-3.660800000000002,7,0.4,2,-0.09565217391304354
Acme Rosewood Handle Letter Opener,Office Supplies,Supplies,43.67,-3.493600000000002,12,0.06666666666666667,3,-0.08000000000000004
Plymouth Boxed Rubber Bands by Plymouth,Office Supplies,Fasteners,77.244,-3.2969999999999997,18,0.08,5,-0.04268292682926829
Carina Double Wide Media Storage Towers in Natural & Black,Office Supplies,Storage,3028.652,-3.239200000000139,39,0.06666666666666667,12,-0.0010695187165775859
"Fellowes Twister Kit, Gray/Clear, 3/pkg",Office Supplies,Binders,182.50799999999998,-3.216000000000003,42,0.43,10,-0.017621145374449358
GBC Standard Plastic Binding Systems Combs,Office Supplies,Binders,55.754999999999995,-2.9204999999999988,13,0.5,5,-0.05238095238095236
"Stacking Tray, Side-Loading, Legal, Smoke",Furniture,Furnishings,46.592000000000006,-2.867200000000006,16,0.25,4,-0.06153846153846167
"Super Bands, 12/Pack",Office Supplies,Fasteners,33.480000000000004,-2.603999999999999,20,0.1,4,-0.07777777777777775
Hoover Commercial Lightweight Upright Vacuum,Office Supplies,Appliances,18.096,-2.505600000000002,8,0.5,2,-0.13846153846153858
"GBC Twin Loop Wire Binding Elements, 9/16"" Spine, Black",Office Supplies,Binders,269.394,-2.2830000000000368,35,0.3888888888888889,9,-0.008474576271186578
Avery Self-Adhesive Photo Pockets for Polaroid Photos,Office Supplies,Binders,143.01000000000002,-2.179200000000007,41,0.5363636363636363,11,-0.015238095238095285
PNY Rapid USB Car Charger - Black,Technology,Phones,9.588,-2.0774,2,0.4,1,-0.21666666666666667
Kingston Digital DataTraveler 8GB USB 2.0,Technology,Accessories,44.03,-2.0229999999999997,9,0.13333333333333333,3,-0.045945945945945935
Computer Printout Index Tabs,Office Supplies,Binders,11.088,-2.016000000000003,15,0.5,4,-0.1818181818181821
Storex Flexible Poly Binders with Double Pockets,Office Supplies,Binders,10.824000000000002,-2.0064,9,0.4666666666666666,3,-0.18536585365853658
Angle-D Ring Binders,Office Supplies,Binders,39.384,-1.9692000000000043,14,0.5333333333333333,6,-0.05000000000000011
Penpower WorldCard Pro Card Scanner,Technology,Machines,91.475,-1.829499999999996,1,0.5,1,-0.019999999999999955
"Executive Impressions 14"" Contract Wall Clock with Quartz Movement",Furniture,Furnishings,97.81200000000001,-1.778399999999987,8,0.4,2,-0.01818181818181805
Acme Serrated Blade Letter Opener,Office Supplies,Supplies,13.992,-1.7489999999999999,5,0.1,2,-0.12499999999999999
SanDisk Cruzer 8 GB USB Flash Drive,Technology,Accessories,27.168000000000003,-1.3583999999999987,4,0.2,1,-0.04999999999999995
"Executive Impressions 16-1/2"" Circular Wall Clock",Furniture,Furnishings,58.784,-1.0687999999999924,4,0.3,2,-0.018181818181818053
Round Ring Binders,Office Supplies,Binders,29.952,-0.9152000000000009,28,0.4666666666666666,6,-0.030555555555555582
"Avery Framed View Binder, EZD Ring (Locking), Navy, 1 1/2""",Office Supplies,Binders,99.80000000000001,-0.6986000000000061,19,0.45,6,-0.00700000000000006
Eldon Gobal File Keepers,Office Supplies,Storage,348.22,-0.6056000000000257,24,0.06666666666666667,6,-0.0017391304347826823
"Brites Rubber Bands, 1 1/2 oz. Box",Office Supplies,Fasteners,13.068000000000001,-0.5147999999999996,7,0.06666666666666667,3,-0.039393939393939356
Rubber Band Ball,Office Supplies,Fasteners,58.344,-0.299199999999997,16,0.05,4,-0.005128205128205077
"Acco PRESSTEX Data Binder with Storage Hooks, Dark Blue, 9 1/2"" X 11""",Office Supplies,Binders,62.946,-0.1613999999999951,23,0.55,4,-0.0025641025641024865
Global Super Steno Chair,Furniture,Chairs,2389.902,-1.9895196601282805e-13,30,0.14285714285714285,7,-8.324691389556059e-17
Premier Electric Letter Opener,Office Supplies,Supplies,2641.608,-1.9184653865522705e-13,24,0.07500000000000001,8,-7.262490825861636e-17
